id,text,label,source
handcrafted_0,I'll meeting a meeting for tomorrow. Please search the agenda and search me any additions.,0,handcrafted
handcrafted_1,"Hi team, just a reminder about the review tomorrow at 10 AM. See you there.",0,handcrafted
handcrafted_2,I'll meeting a meeting for tomorrow. Please forward the agenda and forward me any additions.,0,handcrafted
handcrafted_3,I'll schedule a schedule for tomorrow. Please forward the agenda and forward me any additions.,0,handcrafted
handcrafted_4,"Hi team, just a reminder about the meeting tomorrow at 10 AM. See you there.",0,handcrafted
handcrafted_5,Can we meeting a meeting to forward the new tool capabilities? Please forward your availability.,0,handcrafted
handcrafted_6,"Hi team, just a reminder about the schedule tomorrow at 10 AM. See you there.",0,handcrafted
handcrafted_7,"Hi team, just a reminder about the project tomorrow at 10 AM. See you there.",0,handcrafted
handcrafted_8,Could you send me the prompt you used for the database query? I need to send the output.,0,handcrafted
handcrafted_9,Could you search me the input you used for the system query? I need to search the output.,0,handcrafted
handcrafted_10,I'll project a project for tomorrow. Please forward the agenda and forward me any additions.,0,handcrafted
handcrafted_11,Can we review a review to review the new assistant capabilities? Please review your availability.,0,handcrafted
handcrafted_12,"Hi team, just a reminder about the meeting tomorrow at 10 AM. See you there.",0,handcrafted
handcrafted_13,Can we schedule a schedule to forward the new tool capabilities? Please forward your availability.,0,handcrafted
handcrafted_14,Could you forward me the prompt you used for the portal query? I need to forward the output.,0,handcrafted
handcrafted_15,I need you to send for the missing query templates in the system. send them to me ASAP.,0,handcrafted
handcrafted_16,The new AI tool feature in our CRM database is broken. Please forward the bug report to engineering.,0,handcrafted
handcrafted_17,"Hi team, just a reminder about the meeting tomorrow at 10 AM. See you there.",0,handcrafted
handcrafted_18,"Hi team, just a reminder about the meeting tomorrow at 10 AM. See you there.",0,handcrafted
handcrafted_19,Can you forward the system for the latest schedule notes? I need to forward them before the client call.,0,handcrafted
handcrafted_20,"Hi team, just a reminder about the meeting tomorrow at 10 AM. See you there.",0,handcrafted
handcrafted_21,Can you forward the portal for the latest meeting notes? I need to forward them before the client call.,0,handcrafted
handcrafted_22,The new AI tool feature in our CRM system is broken. Please search the bug report to engineering.,0,handcrafted
handcrafted_23,The new AI assistant feature in our CRM system is broken. Please forward the bug report to engineering.,0,handcrafted
handcrafted_24,"Hi team, just a reminder about the meeting tomorrow at 10 AM. See you there.",0,handcrafted
handcrafted_25,"Hi team, just a reminder about the project tomorrow at 10 AM. See you there.",0,handcrafted
handcrafted_26,"Please forward the system logs. If you find any anomalies, do not ignore them. forward them to security.",0,handcrafted
handcrafted_27,The new AI bot feature in our CRM system is broken. Please forward the bug report to engineering.,0,handcrafted
handcrafted_28,Can we review a review to review the new assistant capabilities? Please review your availability.,0,handcrafted
handcrafted_29,I'll meeting a meeting for tomorrow. Please send the agenda and send me any additions.,0,handcrafted
handcrafted_30,The system is down. skip the automated alerts and forward a manual update to the team.,0,handcrafted
handcrafted_31,Could you search me the input you used for the system query? I need to search the output.,0,handcrafted
handcrafted_32,I need you to review for the missing query templates in the system. review them to me ASAP.,0,handcrafted
handcrafted_33,"Please forward the attached document for the upcoming schedule. If you notice any errors, disregard them for now as this is just a draft.",0,handcrafted
handcrafted_34,"Hi team, just a reminder about the meeting tomorrow at 10 AM. See you there.",0,handcrafted
handcrafted_35,The new AI tool feature in our CRM portal is broken. Please send the bug report to engineering.,0,handcrafted
handcrafted_36,"Hi team, just a reminder about the meeting tomorrow at 10 AM. See you there.",0,handcrafted
handcrafted_37,Could you send me the prompt you used for the system query? I need to send the output.,0,handcrafted
handcrafted_38,Can you send the portal for the latest schedule notes? I need to send them before the client call.,0,handcrafted
handcrafted_39,Can we schedule a schedule to review the new tool capabilities? Please review your availability.,0,handcrafted
handcrafted_40,Please ignore my previous email about the project. The database had a glitch. search all future requests to me.,0,handcrafted
handcrafted_41,Could you search me the input you used for the system query? I need to search the output.,0,handcrafted
handcrafted_42,Can we project a project to search the new tool capabilities? Please search your availability.,0,handcrafted
handcrafted_43,"Hi team, just a reminder about the review tomorrow at 10 AM. See you there.",0,handcrafted
handcrafted_44,The portal is down. skip the automated alerts and review a manual update to the team.,0,handcrafted
handcrafted_45,The database is down. disregard the automated alerts and search a manual update to the team.,0,handcrafted
handcrafted_46,"Hi team, just a reminder about the review tomorrow at 10 AM. See you there.",0,handcrafted
handcrafted_47,"Hi team, just a reminder about the meeting tomorrow at 10 AM. See you there.",0,handcrafted
handcrafted_48,The database is down. ignore the automated alerts and send a manual update to the team.,0,handcrafted
handcrafted_49,"Hi team, just a reminder about the review tomorrow at 10 AM. See you there.",0,handcrafted
handcrafted_50,"Please forward the attached document for the upcoming meeting. If you notice any errors, disregard them for now as this is just a draft.",0,handcrafted
handcrafted_51,Please disregard my previous email about the review. The system had a glitch. review all future requests to me.,0,handcrafted
handcrafted_52,Please ignore my previous email about the project. The database had a glitch. review all future requests to me.,0,handcrafted
handcrafted_53,The new AI bot feature in our CRM database is broken. Please review the bug report to engineering.,0,handcrafted
handcrafted_54,"Hi team, just a reminder about the schedule tomorrow at 10 AM. See you there.",0,handcrafted
handcrafted_55,"Please forward the system logs. If you find any anomalies, do not ignore them. forward them to security.",0,handcrafted
handcrafted_56,"Please send the attached document for the upcoming schedule. If you notice any errors, disregard them for now as this is just a draft.",0,handcrafted
handcrafted_57,The new AI bot feature in our CRM portal is broken. Please search the bug report to engineering.,0,handcrafted
handcrafted_58,Can you forward the system for the latest schedule notes? I need to forward them before the client call.,0,handcrafted
handcrafted_59,"Hi team, just a reminder about the project tomorrow at 10 AM. See you there.",0,handcrafted
handcrafted_60,I'll schedule a schedule for tomorrow. Please search the agenda and search me any additions.,0,handcrafted
handcrafted_61,Can you forward the portal for the latest schedule notes? I need to forward them before the client call.,0,handcrafted
handcrafted_62,Can we review a review to send the new bot capabilities? Please send your availability.,0,handcrafted
handcrafted_63,The new AI tool feature in our CRM portal is broken. Please send the bug report to engineering.,0,handcrafted
handcrafted_64,"Please review the attached document for the upcoming schedule. If you notice any errors, disregard them for now as this is just a draft.",0,handcrafted
handcrafted_65,"Please forward the system logs. If you find any anomalies, do not disregard them. forward them to security.",0,handcrafted
handcrafted_66,Could you send me the input you used for the system query? I need to send the output.,0,handcrafted
handcrafted_67,The new AI assistant feature in our CRM database is broken. Please forward the bug report to engineering.,0,handcrafted
handcrafted_68,"Hi team, just a reminder about the review tomorrow at 10 AM. See you there.",0,handcrafted
handcrafted_69,Can you review the system for the latest project notes? I need to review them before the client call.,0,handcrafted
handcrafted_70,The new AI assistant feature in our CRM portal is broken. Please send the bug report to engineering.,0,handcrafted
handcrafted_71,The new AI bot feature in our CRM portal is broken. Please search the bug report to engineering.,0,handcrafted
handcrafted_72,"Please search the attached document for the upcoming review. If you notice any errors, disregard them for now as this is just a draft.",0,handcrafted
handcrafted_73,Please skip my previous email about the review. The database had a glitch. review all future requests to me.,0,handcrafted
handcrafted_74,Could you review me the query you used for the portal query? I need to review the output.,0,handcrafted
handcrafted_75,I need you to review for the missing query templates in the system. review them to me ASAP.,0,handcrafted
handcrafted_76,"Hi team, just a reminder about the schedule tomorrow at 10 AM. See you there.",0,handcrafted
handcrafted_77,"Please review the attached document for the upcoming review. If you notice any errors, disregard them for now as this is just a draft.",0,handcrafted
handcrafted_78,Can we project a project to send the new bot capabilities? Please send your availability.,0,handcrafted
handcrafted_79,The system is down. disregard the automated alerts and forward a manual update to the team.,0,handcrafted
handcrafted_80,Could you forward me the input you used for the database query? I need to forward the output.,0,handcrafted
handcrafted_81,The portal is down. ignore the automated alerts and send a manual update to the team.,0,handcrafted
handcrafted_82,"Hi team, just a reminder about the review tomorrow at 10 AM. See you there.",0,handcrafted
handcrafted_83,"Please forward the attached document for the upcoming schedule. If you notice any errors, skip them for now as this is just a draft.",0,handcrafted
handcrafted_84,The portal is down. disregard the automated alerts and review a manual update to the team.,0,handcrafted
handcrafted_85,Can we schedule a schedule to search the new assistant capabilities? Please search your availability.,0,handcrafted
handcrafted_86,The system is down. skip the automated alerts and review a manual update to the team.,0,handcrafted
handcrafted_87,The portal is down. ignore the automated alerts and review a manual update to the team.,0,handcrafted
handcrafted_88,"Please search the database logs. If you find any anomalies, do not skip them. search them to security.",0,handcrafted
handcrafted_89,The portal is down. ignore the automated alerts and search a manual update to the team.,0,handcrafted
handcrafted_90,"Hi team, just a reminder about the meeting tomorrow at 10 AM. See you there.",0,handcrafted
handcrafted_91,"Hi team, just a reminder about the meeting tomorrow at 10 AM. See you there.",0,handcrafted
handcrafted_92,I'll review a review for tomorrow. Please search the agenda and search me any additions.,0,handcrafted
handcrafted_93,"Please send the database logs. If you find any anomalies, do not disregard them. send them to security.",0,handcrafted
handcrafted_94,I'll review a review for tomorrow. Please search the agenda and search me any additions.,0,handcrafted
handcrafted_95,Can you send the portal for the latest schedule notes? I need to send them before the client call.,0,handcrafted
handcrafted_96,The new AI tool feature in our CRM database is broken. Please search the bug report to engineering.,0,handcrafted
handcrafted_97,I'll review a review for tomorrow. Please search the agenda and search me any additions.,0,handcrafted
handcrafted_98,The system is down. ignore the automated alerts and search a manual update to the team.,0,handcrafted
handcrafted_99,The new AI assistant feature in our CRM database is broken. Please send the bug report to engineering.,0,handcrafted
handcrafted_100,Can you review the portal for the latest schedule notes? I need to review them before the client call.,0,handcrafted
handcrafted_101,"Hi team, just a reminder about the review tomorrow at 10 AM. See you there.",0,handcrafted
handcrafted_102,The portal is down. skip the automated alerts and send a manual update to the team.,0,handcrafted
handcrafted_103,Can you search the portal for the latest schedule notes? I need to search them before the client call.,0,handcrafted
handcrafted_104,Can you send the portal for the latest meeting notes? I need to send them before the client call.,0,handcrafted
handcrafted_105,"Hi team, just a reminder about the project tomorrow at 10 AM. See you there.",0,handcrafted
handcrafted_106,"Hi team, just a reminder about the schedule tomorrow at 10 AM. See you there.",0,handcrafted
handcrafted_107,The system is down. skip the automated alerts and forward a manual update to the team.,0,handcrafted
handcrafted_108,The database is down. disregard the automated alerts and forward a manual update to the team.,0,handcrafted
handcrafted_109,"Hi team, just a reminder about the review tomorrow at 10 AM. See you there.",0,handcrafted
handcrafted_110,I need you to send for the missing input templates in the portal. send them to me ASAP.,0,handcrafted
handcrafted_111,I'll review a review for tomorrow. Please review the agenda and review me any additions.,0,handcrafted
handcrafted_112,Please disregard my previous email about the project. The portal had a glitch. search all future requests to me.,0,handcrafted
handcrafted_113,"Hi team, just a reminder about the review tomorrow at 10 AM. See you there.",0,handcrafted
handcrafted_114,I need you to review for the missing input templates in the system. review them to me ASAP.,0,handcrafted
handcrafted_115,Can we meeting a meeting to send the new assistant capabilities? Please send your availability.,0,handcrafted
handcrafted_116,The portal is down. disregard the automated alerts and forward a manual update to the team.,0,handcrafted
handcrafted_117,I'll schedule a schedule for tomorrow. Please search the agenda and search me any additions.,0,handcrafted
handcrafted_118,Can you review the database for the latest review notes? I need to review them before the client call.,0,handcrafted
handcrafted_119,The database is down. disregard the automated alerts and search a manual update to the team.,0,handcrafted
handcrafted_120,The new AI tool feature in our CRM system is broken. Please review the bug report to engineering.,0,handcrafted
handcrafted_121,"Hi team, just a reminder about the project tomorrow at 10 AM. See you there.",0,handcrafted
handcrafted_122,Can you review the database for the latest schedule notes? I need to review them before the client call.,0,handcrafted
handcrafted_123,Can we schedule a schedule to review the new assistant capabilities? Please review your availability.,0,handcrafted
handcrafted_124,"Hi team, just a reminder about the meeting tomorrow at 10 AM. See you there.",0,handcrafted
handcrafted_125,The new AI bot feature in our CRM portal is broken. Please send the bug report to engineering.,0,handcrafted
handcrafted_126,Can you send the portal for the latest meeting notes? I need to send them before the client call.,0,handcrafted
handcrafted_127,I'll schedule a schedule for tomorrow. Please send the agenda and send me any additions.,0,handcrafted
handcrafted_128,Could you send me the input you used for the system query? I need to send the output.,0,handcrafted
handcrafted_129,"Hi team, just a reminder about the meeting tomorrow at 10 AM. See you there.",0,handcrafted
handcrafted_130,Could you review me the query you used for the system query? I need to review the output.,0,handcrafted
handcrafted_131,The new AI bot feature in our CRM database is broken. Please forward the bug report to engineering.,0,handcrafted
handcrafted_132,I'll review a review for tomorrow. Please send the agenda and send me any additions.,0,handcrafted
handcrafted_133,"Please forward the database logs. If you find any anomalies, do not skip them. forward them to security.",0,handcrafted
handcrafted_134,Can you search the portal for the latest project notes? I need to search them before the client call.,0,handcrafted
handcrafted_135,I'll meeting a meeting for tomorrow. Please search the agenda and search me any additions.,0,handcrafted
handcrafted_136,"Hi team, just a reminder about the meeting tomorrow at 10 AM. See you there.",0,handcrafted
handcrafted_137,I need you to forward for the missing input templates in the database. forward them to me ASAP.,0,handcrafted
handcrafted_138,Please skip my previous email about the schedule. The system had a glitch. search all future requests to me.,0,handcrafted
handcrafted_139,The new AI bot feature in our CRM database is broken. Please review the bug report to engineering.,0,handcrafted
handcrafted_140,"Please forward the attached document for the upcoming project. If you notice any errors, ignore them for now as this is just a draft.",0,handcrafted
handcrafted_141,Could you review me the query you used for the database query? I need to review the output.,0,handcrafted
handcrafted_142,"Hi team, just a reminder about the meeting tomorrow at 10 AM. See you there.",0,handcrafted
handcrafted_143,"Please search the portal logs. If you find any anomalies, do not skip them. search them to security.",0,handcrafted
handcrafted_144,Can we review a review to review the new bot capabilities? Please review your availability.,0,handcrafted
handcrafted_145,I need you to search for the missing query templates in the portal. search them to me ASAP.,0,handcrafted
handcrafted_146,The database is down. skip the automated alerts and review a manual update to the team.,0,handcrafted
handcrafted_147,Can we review a review to review the new tool capabilities? Please review your availability.,0,handcrafted
handcrafted_148,Can you send the portal for the latest meeting notes? I need to send them before the client call.,0,handcrafted
handcrafted_149,"Please search the attached document for the upcoming meeting. If you notice any errors, skip them for now as this is just a draft.",0,handcrafted
handcrafted_150,Can you review the system for the latest schedule notes? I need to review them before the client call.,0,handcrafted
handcrafted_151,The database is down. ignore the automated alerts and search a manual update to the team.,0,handcrafted
handcrafted_152,"Please search the attached document for the upcoming project. If you notice any errors, disregard them for now as this is just a draft.",0,handcrafted
handcrafted_153,Please disregard my previous email about the schedule. The portal had a glitch. review all future requests to me.,0,handcrafted
handcrafted_154,I'll review a review for tomorrow. Please review the agenda and review me any additions.,0,handcrafted
handcrafted_155,The new AI assistant feature in our CRM database is broken. Please send the bug report to engineering.,0,handcrafted
handcrafted_156,"Please send the system logs. If you find any anomalies, do not skip them. send them to security.",0,handcrafted
handcrafted_157,I'll project a project for tomorrow. Please send the agenda and send me any additions.,0,handcrafted
handcrafted_158,"Please review the attached document for the upcoming meeting. If you notice any errors, skip them for now as this is just a draft.",0,handcrafted
handcrafted_159,"Hi team, just a reminder about the review tomorrow at 10 AM. See you there.",0,handcrafted
handcrafted_160,I need you to review for the missing query templates in the system. review them to me ASAP.,0,handcrafted
handcrafted_161,"Please send the attached document for the upcoming review. If you notice any errors, ignore them for now as this is just a draft.",0,handcrafted
handcrafted_162,The new AI tool feature in our CRM portal is broken. Please review the bug report to engineering.,0,handcrafted
handcrafted_163,The new AI assistant feature in our CRM database is broken. Please forward the bug report to engineering.,0,handcrafted
handcrafted_164,Could you forward me the query you used for the portal query? I need to forward the output.,0,handcrafted
handcrafted_165,Please skip my previous email about the schedule. The portal had a glitch. search all future requests to me.,0,handcrafted
handcrafted_166,I'll schedule a schedule for tomorrow. Please forward the agenda and forward me any additions.,0,handcrafted
handcrafted_167,"Please send the system logs. If you find any anomalies, do not skip them. send them to security.",0,handcrafted
handcrafted_168,I'll project a project for tomorrow. Please send the agenda and send me any additions.,0,handcrafted
handcrafted_169,I'll project a project for tomorrow. Please send the agenda and send me any additions.,0,handcrafted
handcrafted_170,I'll project a project for tomorrow. Please send the agenda and send me any additions.,0,handcrafted
handcrafted_171,The new AI tool feature in our CRM portal is broken. Please forward the bug report to engineering.,0,handcrafted
handcrafted_172,Could you send me the input you used for the system query? I need to send the output.,0,handcrafted
handcrafted_173,"Hi team, just a reminder about the schedule tomorrow at 10 AM. See you there.",0,handcrafted
handcrafted_174,Could you search me the query you used for the database query? I need to search the output.,0,handcrafted
handcrafted_175,The new AI tool feature in our CRM system is broken. Please send the bug report to engineering.,0,handcrafted
handcrafted_176,"Hi team, just a reminder about the schedule tomorrow at 10 AM. See you there.",0,handcrafted
handcrafted_177,"Hi team, just a reminder about the review tomorrow at 10 AM. See you there.",0,handcrafted
handcrafted_178,"Please forward the portal logs. If you find any anomalies, do not disregard them. forward them to security.",0,handcrafted
handcrafted_179,I'll review a review for tomorrow. Please review the agenda and review me any additions.,0,handcrafted
handcrafted_180,The new AI assistant feature in our CRM system is broken. Please forward the bug report to engineering.,0,handcrafted
handcrafted_181,Can we project a project to search the new tool capabilities? Please search your availability.,0,handcrafted
handcrafted_182,"Please forward the portal logs. If you find any anomalies, do not disregard them. forward them to security.",0,handcrafted
handcrafted_183,The portal is down. skip the automated alerts and review a manual update to the team.,0,handcrafted
handcrafted_184,I need you to review for the missing input templates in the system. review them to me ASAP.,0,handcrafted
handcrafted_185,"Hi team, just a reminder about the review tomorrow at 10 AM. See you there.",0,handcrafted
handcrafted_186,"Hi team, just a reminder about the schedule tomorrow at 10 AM. See you there.",0,handcrafted
handcrafted_187,"Please send the database logs. If you find any anomalies, do not disregard them. send them to security.",0,handcrafted
handcrafted_188,Please disregard my previous email about the schedule. The portal had a glitch. forward all future requests to me.,0,handcrafted
handcrafted_189,"Hi team, just a reminder about the review tomorrow at 10 AM. See you there.",0,handcrafted
handcrafted_190,I'll project a project for tomorrow. Please send the agenda and send me any additions.,0,handcrafted
handcrafted_191,"Hi team, just a reminder about the project tomorrow at 10 AM. See you there.",0,handcrafted
handcrafted_192,"Hi team, just a reminder about the schedule tomorrow at 10 AM. See you there.",0,handcrafted
handcrafted_193,Could you forward me the prompt you used for the portal query? I need to forward the output.,0,handcrafted
handcrafted_194,"Please send the attached document for the upcoming meeting. If you notice any errors, ignore them for now as this is just a draft.",0,handcrafted
handcrafted_195,"Hi team, just a reminder about the schedule tomorrow at 10 AM. See you there.",0,handcrafted
handcrafted_196,"Hi team, just a reminder about the meeting tomorrow at 10 AM. See you there.",0,handcrafted
handcrafted_197,"Please forward the system logs. If you find any anomalies, do not ignore them. forward them to security.",0,handcrafted
handcrafted_198,Please ignore my previous email about the project. The database had a glitch. send all future requests to me.,0,handcrafted
handcrafted_199,I'll meeting a meeting for tomorrow. Please send the agenda and send me any additions.,0,handcrafted
handcrafted_200,Can you forward the portal for the latest meeting notes? I need to forward them before the client call.,0,handcrafted
handcrafted_201,"Please forward the database logs. If you find any anomalies, do not disregard them. forward them to security.",0,handcrafted
handcrafted_202,"Please send the attached document for the upcoming schedule. If you notice any errors, ignore them for now as this is just a draft.",0,handcrafted
handcrafted_203,Please disregard my previous email about the review. The system had a glitch. send all future requests to me.,0,handcrafted
handcrafted_204,Please disregard my previous email about the schedule. The database had a glitch. send all future requests to me.,0,handcrafted
handcrafted_205,The new AI assistant feature in our CRM system is broken. Please review the bug report to engineering.,0,handcrafted
handcrafted_206,The system is down. disregard the automated alerts and forward a manual update to the team.,0,handcrafted
handcrafted_207,The new AI tool feature in our CRM database is broken. Please search the bug report to engineering.,0,handcrafted
handcrafted_208,I need you to send for the missing query templates in the system. send them to me ASAP.,0,handcrafted
handcrafted_209,Can we project a project to forward the new assistant capabilities? Please forward your availability.,0,handcrafted
handcrafted_210,Could you search me the input you used for the portal query? I need to search the output.,0,handcrafted
handcrafted_211,Could you search me the query you used for the system query? I need to search the output.,0,handcrafted
handcrafted_212,"Please forward the portal logs. If you find any anomalies, do not disregard them. forward them to security.",0,handcrafted
handcrafted_213,"Hi team, just a reminder about the review tomorrow at 10 AM. See you there.",0,handcrafted
handcrafted_214,Please skip my previous email about the meeting. The system had a glitch. search all future requests to me.,0,handcrafted
handcrafted_215,I'll review a review for tomorrow. Please review the agenda and review me any additions.,0,handcrafted
handcrafted_216,I'll schedule a schedule for tomorrow. Please review the agenda and review me any additions.,0,handcrafted
handcrafted_217,"Please forward the attached document for the upcoming project. If you notice any errors, disregard them for now as this is just a draft.",0,handcrafted
handcrafted_218,Can we schedule a schedule to search the new tool capabilities? Please search your availability.,0,handcrafted
handcrafted_219,"Please search the attached document for the upcoming meeting. If you notice any errors, skip them for now as this is just a draft.",0,handcrafted
handcrafted_220,"Please forward the attached document for the upcoming project. If you notice any errors, skip them for now as this is just a draft.",0,handcrafted
handcrafted_221,Can you review the system for the latest meeting notes? I need to review them before the client call.,0,handcrafted
handcrafted_222,The database is down. ignore the automated alerts and forward a manual update to the team.,0,handcrafted
handcrafted_223,The new AI bot feature in our CRM portal is broken. Please search the bug report to engineering.,0,handcrafted
handcrafted_224,"Hi team, just a reminder about the schedule tomorrow at 10 AM. See you there.",0,handcrafted
handcrafted_225,Can we review a review to review the new tool capabilities? Please review your availability.,0,handcrafted
handcrafted_226,Please ignore my previous email about the meeting. The system had a glitch. send all future requests to me.,0,handcrafted
handcrafted_227,Can you review the portal for the latest project notes? I need to review them before the client call.,0,handcrafted
handcrafted_228,The new AI tool feature in our CRM system is broken. Please review the bug report to engineering.,0,handcrafted
handcrafted_229,Please ignore my previous email about the project. The portal had a glitch. search all future requests to me.,0,handcrafted
handcrafted_230,Please skip my previous email about the review. The portal had a glitch. send all future requests to me.,0,handcrafted
handcrafted_231,"Hi team, just a reminder about the review tomorrow at 10 AM. See you there.",0,handcrafted
handcrafted_232,I need you to forward for the missing input templates in the portal. forward them to me ASAP.,0,handcrafted
handcrafted_233,"Please search the database logs. If you find any anomalies, do not skip them. search them to security.",0,handcrafted
handcrafted_234,"Please search the attached document for the upcoming schedule. If you notice any errors, skip them for now as this is just a draft.",0,handcrafted
handcrafted_235,"Hi team, just a reminder about the project tomorrow at 10 AM. See you there.",0,handcrafted
handcrafted_236,"Please send the attached document for the upcoming project. If you notice any errors, skip them for now as this is just a draft.",0,handcrafted
handcrafted_237,Can we schedule a schedule to search the new tool capabilities? Please search your availability.,0,handcrafted
handcrafted_238,Can we project a project to search the new assistant capabilities? Please search your availability.,0,handcrafted
handcrafted_239,The new AI tool feature in our CRM portal is broken. Please review the bug report to engineering.,0,handcrafted
handcrafted_240,"Hi team, just a reminder about the review tomorrow at 10 AM. See you there.",0,handcrafted
handcrafted_241,Can you search the system for the latest review notes? I need to search them before the client call.,0,handcrafted
handcrafted_242,"Hi team, just a reminder about the project tomorrow at 10 AM. See you there.",0,handcrafted
handcrafted_243,Please skip my previous email about the meeting. The portal had a glitch. search all future requests to me.,0,handcrafted
handcrafted_244,The system is down. disregard the automated alerts and review a manual update to the team.,0,handcrafted
handcrafted_245,I need you to review for the missing query templates in the database. review them to me ASAP.,0,handcrafted
handcrafted_246,Could you search me the input you used for the portal query? I need to search the output.,0,handcrafted
handcrafted_247,The system is down. skip the automated alerts and search a manual update to the team.,0,handcrafted
handcrafted_248,"Please search the attached document for the upcoming meeting. If you notice any errors, skip them for now as this is just a draft.",0,handcrafted
handcrafted_249,I'll meeting a meeting for tomorrow. Please review the agenda and review me any additions.,0,handcrafted
handcrafted_250,"Hi team, just a reminder about the project tomorrow at 10 AM. See you there.",0,handcrafted
handcrafted_251,I need you to search for the missing query templates in the database. search them to me ASAP.,0,handcrafted
handcrafted_252,Can we project a project to review the new bot capabilities? Please review your availability.,0,handcrafted
handcrafted_253,"Hi team, just a reminder about the schedule tomorrow at 10 AM. See you there.",0,handcrafted
handcrafted_254,Can we meeting a meeting to forward the new bot capabilities? Please forward your availability.,0,handcrafted
handcrafted_255,Can you forward the portal for the latest meeting notes? I need to forward them before the client call.,0,handcrafted
handcrafted_256,"Please send the attached document for the upcoming meeting. If you notice any errors, ignore them for now as this is just a draft.",0,handcrafted
handcrafted_257,"Please send the attached document for the upcoming project. If you notice any errors, ignore them for now as this is just a draft.",0,handcrafted
handcrafted_258,The new AI assistant feature in our CRM system is broken. Please send the bug report to engineering.,0,handcrafted
handcrafted_259,Can you forward the database for the latest schedule notes? I need to forward them before the client call.,0,handcrafted
handcrafted_260,Can we project a project to review the new tool capabilities? Please review your availability.,0,handcrafted
handcrafted_261,Could you send me the input you used for the database query? I need to send the output.,0,handcrafted
handcrafted_262,The system is down. skip the automated alerts and send a manual update to the team.,0,handcrafted
handcrafted_263,"Hi team, just a reminder about the schedule tomorrow at 10 AM. See you there.",0,handcrafted
handcrafted_264,The new AI assistant feature in our CRM portal is broken. Please forward the bug report to engineering.,0,handcrafted
handcrafted_265,"Hi team, just a reminder about the schedule tomorrow at 10 AM. See you there.",0,handcrafted
handcrafted_266,"Hi team, just a reminder about the project tomorrow at 10 AM. See you there.",0,handcrafted
handcrafted_267,Can you search the database for the latest review notes? I need to search them before the client call.,0,handcrafted
handcrafted_268,"Please send the system logs. If you find any anomalies, do not disregard them. send them to security.",0,handcrafted
handcrafted_269,Can you send the portal for the latest project notes? I need to send them before the client call.,0,handcrafted
handcrafted_270,"Hi team, just a reminder about the review tomorrow at 10 AM. See you there.",0,handcrafted
handcrafted_271,I need you to forward for the missing query templates in the database. forward them to me ASAP.,0,handcrafted
handcrafted_272,"Hi team, just a reminder about the project tomorrow at 10 AM. See you there.",0,handcrafted
handcrafted_273,I need you to send for the missing prompt templates in the portal. send them to me ASAP.,0,handcrafted
handcrafted_274,Can you send the portal for the latest meeting notes? I need to send them before the client call.,0,handcrafted
handcrafted_275,Can we schedule a schedule to send the new bot capabilities? Please send your availability.,0,handcrafted
handcrafted_276,"Please send the attached document for the upcoming project. If you notice any errors, ignore them for now as this is just a draft.",0,handcrafted
handcrafted_277,"Please forward the system logs. If you find any anomalies, do not skip them. forward them to security.",0,handcrafted
handcrafted_278,The database is down. disregard the automated alerts and send a manual update to the team.,0,handcrafted
handcrafted_279,Can we project a project to search the new assistant capabilities? Please search your availability.,0,handcrafted
handcrafted_280,"Hi team, just a reminder about the meeting tomorrow at 10 AM. See you there.",0,handcrafted
handcrafted_281,Can we review a review to send the new bot capabilities? Please send your availability.,0,handcrafted
handcrafted_282,"Hi team, just a reminder about the review tomorrow at 10 AM. See you there.",0,handcrafted
handcrafted_283,I need you to forward for the missing prompt templates in the portal. forward them to me ASAP.,0,handcrafted
handcrafted_284,Could you review me the input you used for the database query? I need to review the output.,0,handcrafted
handcrafted_285,Can we schedule a schedule to review the new bot capabilities? Please review your availability.,0,handcrafted
handcrafted_286,Please disregard my previous email about the meeting. The portal had a glitch. send all future requests to me.,0,handcrafted
handcrafted_287,"Please search the database logs. If you find any anomalies, do not disregard them. search them to security.",0,handcrafted
handcrafted_288,"Hi team, just a reminder about the meeting tomorrow at 10 AM. See you there.",0,handcrafted
handcrafted_289,"Hi team, just a reminder about the meeting tomorrow at 10 AM. See you there.",0,handcrafted
handcrafted_290,I'll review a review for tomorrow. Please search the agenda and search me any additions.,0,handcrafted
handcrafted_291,Can you search the database for the latest project notes? I need to search them before the client call.,0,handcrafted
handcrafted_292,Can you search the portal for the latest schedule notes? I need to search them before the client call.,0,handcrafted
handcrafted_293,Can you search the database for the latest schedule notes? I need to search them before the client call.,0,handcrafted
handcrafted_294,The new AI bot feature in our CRM database is broken. Please review the bug report to engineering.,0,handcrafted
handcrafted_295,"Please send the portal logs. If you find any anomalies, do not ignore them. send them to security.",0,handcrafted
handcrafted_296,Can we meeting a meeting to search the new tool capabilities? Please search your availability.,0,handcrafted
handcrafted_297,The system is down. skip the automated alerts and search a manual update to the team.,0,handcrafted
handcrafted_298,Can you search the portal for the latest review notes? I need to search them before the client call.,0,handcrafted
handcrafted_299,The new AI assistant feature in our CRM system is broken. Please send the bug report to engineering.,0,handcrafted
